{
"Nagents":   10000,
"seed":      17891013848112,
"base0indexretire":  40,
"rho_first_guess":   4.0,
"beta_first_guess":  1.0,
"beta_lower_bound":  0.0001,
"beta_upper_bound":  15.0,
"rho_lower_bound":   0.0001,
"rho_upper_bound":   15.0,
"R":   1.03,
"psi_N":   6,
"xi_N":   6,
"p_unemploy":   0.005,
"p_unemploy_retire":   0.0005,
"value_unemploy":   0.0,
"value_unemploy_retire":   0.0,
"spline_k":   1,
"grid_type":   "exp_mult",
"exp_nest":   3,
"index_retire":   40,
"constrained":   false,
"a_min":   0.001,
"a_max":   4.0,
"a_size":   5,
"a_extra":   0.03,
"bootstrap_sample_size":  50,
"psi_sigma": [0.1,  0.1,  0.1,  0.1,  0.1,  0.1,  0.1,  0.1,  0.1,  0.1,
              0.1,  0.1,  0.1,  0.1,  0.1,  0.1,  0.1,  0.1,  0.1,  0.1,
              0.1,  0.1,  0.1,  0.1,  0.1,  0.1,  0.1,  0.1,  0.1,  0.1,
              0.1,  0.1,  0.1,  0.1,  0.1,  0.1,  0.1,  0.1,  0.1,  0.1],
"xi_sigma":  [0.1,  0.1,  0.1,  0.1,  0.1,  0.1,  0.1,  0.1,  0.1,  0.1,
              0.1,  0.1,  0.1,  0.1,  0.1,  0.1,  0.1,  0.1,  0.1,  0.1,
              0.1,  0.1,  0.1,  0.1,  0.1,  0.1,  0.1,  0.1,  0.1,  0.1,
              0.1,  0.1,  0.1,  0.1,  0.1,  0.1,  0.1,  0.1,  0.1,  0.1],
"Gamma_vector":   [1.025, 1.025, 1.025, 1.025, 1.025, 
                   1.025, 1.025, 1.025, 1.025, 1.025, 
                   1.025, 1.025, 1.025, 1.025, 1.025, 
                   1.025, 1.025, 1.025, 1.025, 1.025, 
                   1.025, 1.025, 1.025, 1.025, 1.025, 
                   1.01,  1.01,  1.01,  1.01,  1.01, 
                   1.01,  1.01,  1.01,  1.01,  1.01, 
                   1.01,  1.01,  1.01,  1.01,  1.01, 
                   0.7,   1.0,   1.0,   1.0,   1.0, 
                   1.0,   1.0,   1.0,   1.0,   1.0, 
                   1.0,   1.0,   1.0,   1.0,   1.0, 
                   1.0,   1.0,   1.0,   1.0,   1.0, 
                   1.0,   1.0,   1.0,   1.0,   1.0], 
"timevary_discount_factors":   [1.061702625666666621739864240225870162248611450195312500000000,
                                1.054474115333333239519220114743802696466445922851562500000000,
                                1.047675873333333340653439336165320128202438354492187500000000,
                                1.041262138666666503539204313710797578096389770507812500000000,
                                1.035230852666666701011877194105181843042373657226562500000000,
                                1.029588195333333233705275233660358935594558715820312500000000,
                                1.024292709666666523204980876471381634473800659179687500000000,
                                1.019332668666666608103810176544357091188430786132812500000000,
                                1.014714762333333242239064020395744591951370239257812500000000,
                                1.010415323333333281752288712596055120229721069335937500000000,
                                1.006431421666666770065035052539315074682235717773437500000000,
                                1.002738291999999864501091906276997178792953491210937500000000,
                                0.999337365666666754826508167752763256430625915527343750000000,
                                0.996220108000000048598110424791229888796806335449218750000000,
                                0.993358971333333395925535569404019042849540710449218750000000,
                                0.990759650666666602525367579801240935921669006347656250000000,
                                0.988426554000000012756288469972787424921989440917968750000000,
                                0.986315131666666622400896358158206567168235778808593750000000,
                                0.984446107666666514468545301497215405106544494628906250000000,
                                0.982806597666666781343280945293372496962547302246093750000000,
                                0.981381064333333275051529653865145519375801086425781250000000,
                                0.980150679333333330056632348714629188179969787597656250000000,
                                0.979133663666666653746517567924456670880317687988281250000000,
                                0.978308825666666659337522560235811397433280944824218750000000,
                                0.977666492666666719912882399512454867362976074218750000000000,
                                0.977202505666666776384943204902810975909233093261718750000000,
                                0.976908522666666612188635099300881847739219665527343750000000,
                                0.976785748666666564510308035096386447548866271972656250000000,
                                0.976815831333333384201011995173757895827293395996093750000000,
                                0.976976715000000051070117024210048839449882507324218750000000,
                                0.977310994333333238337502280046464875340461730957031250000000,
                                0.977756369999999930264777958655031397938728332519531250000000,
                                0.978354126000000046126103825372410938143730163574218750000000,
                                0.979050437333333412048830268759047612547874450683593750000000,
                                0.979860075333333302438632017583586275577545166015625000000000,
                                0.980797569333333285612752661108970642089843750000000000000000,
                                0.981833913000000002568867785157635807991027832031250000000000,
                                0.982938256000000065704114149411907419562339782714843750000000,
                                0.984163527999999954154475290124537423253059387207031250000000,
                                0.985467140666666630011150118662044405937194824218750000000000,
                                0.806821039333333267506986885564401745796203613281250000000000,
                                0.988339471666666802285305948316818103194236755371093750000000,
                                0.988334425333333377317046597454464063048362731933593750000000,
                                0.988341837000000000834631919133244082331657409667968750000000,
                                0.988352241666666686548126108391443267464637756347656250000000,
                                0.988341214333333328845299092790810391306877136230468750000000,
                                0.988331404999999940663713005051249638199806213378906250000000,
                                0.988346128333333351356770890561165288090705871582031250000000,
                                0.988339330666666682212451178202172741293907165527343750000000,
                                0.988346855000000079627398008597083389759063720703125000000000,
                                0.988330554999999999488125013158423826098442077636718750000000,
                                0.988353397666666633192278368369443342089653015136718750000000,
                                0.988328160333333372022934781853109598159790039062500000000000,
                                0.988355533000000008314600563608109951019287109375000000000000,
                                0.988332508333333303873757813562406226992607116699218750000000,
                                0.988337192666666641827077910420484840869903564453125000000000,
                                0.988357276666666617614964707172475755214691162109375000000000,
                                0.988325740333333313536456898873439058661460876464843750000000,
                                0.988362415999999854854252134828129783272743225097656250000000,
                                0.988333675000000133614719288743799552321434020996093750000000,
                                0.988333788000000157403235334641067311167716979980468750000000,
                                0.988334941666666577653188596741529181599617004394531250000000,
                                0.988337860000000012483667433116352185606956481933593750000000,
